Vol Concentration,Analytical_K,%Increase in K,Experimental_K,Error,%Error in K
0,0.214,0,0.214,0,
0.01,0.39186,83.1121,0.45,0.0581,12.92
0.02,0.56972,166.2243,0.65,0.0803,12.35076923
0.03,0.74758,249.3364,0.8,0.0524,6.5525
0.04,0.92544,332.4486,1,0.0746,7.456
0.05,1.1033,415.5607,1.2,0.0967,8.058333333
0.1,1.9926,831.1215,2.1,0.1074,5.114285714
0.15,2.8819,1246.6822,3,0.1181,3.936666667
